,ID,index,X,Y,depth,por,perm,ai,rho,Vc,E,Vs,G,log_perm,SS_perm,SS_por,SS_fraction,SS-Sh_perm,SS-Sh_por,SS-Sh_fraction,Sh-SS_perm,Sh-SS_por,Sh-SS_fraction,Sh_fraction,perm_w_ave,perm_h_ave,Sh_perm,Sh_por,dist_woc,SS+Sh-SS_fraction,dist_frac,area,cum_oil_1y,cum_oil_2y,cum_oil_3y,cum_water_1y,cum_water_2y,cum_water_3y,wc_1y,wc_2y,wc_3y
0,1.0,9.5,7325.0,7175.0,3057.550000000001,0.13472518,112.94415476003942,7232822.753823529,2.1269210433515,3392.8974663684207,25.674891276666667,1656.844649222222,6.357954084647056,2.006828564914035,134.56872791286034,0.1480795733333333,0.75,36.338212086051286,0.06868999999999999,0.15,65.66877012486461,0.13362000000000002,0.1,0.0,11.888858395793624,831.6170963288474,44.85084893989779,0.06077729104440199,14.599999999999909,0.85,1944.543648263004,308023.9929561958,450.98,684.2,847.33,494.89,1236.4,2108.7,0.523211434975208,0.7607337416515343,0.670734134163109
1,2.0,29.5,4225.0,3525.0,3052.5400000000004,0.12889979999999995,105.60083841025423,7323769.2760526305,2.127664119192,3514.5623519411765,25.284288698888886,1673.4525456111112,6.436651406736843,1.9274024781061407,180.76798946097793,0.15876875000000001,0.4,35.962116199538464,0.0645,0.2,65.25304846488845,0.13123075,0.4,0.0,11.115877727395183,654.2219114681473,44.82175913799248,0.06197337035849748,19.610000000000127,0.8,2828.427124746191,579739.904393769,594.43,946.61,1201.2,226.97,646.5,1187.7,0.2763209155101047,0.5436368584053595,0.4695986030580491
2,3.0,49.5,7725.0,8275.0,3060.669999999999,0.117786855,80.82542475099373,7340298.8284210535,1.9988275848530006,3972.8261426666663,27.93894552941176,1676.0179762941175,5.699667701944445,1.8687933050169665,113.89798866564044,0.14468,0.45,36.338212086051286,0.06577,0.05,62.72181968023406,0.1296211833333333,0.3,0.2,8.507939447473028,641.3573738967333,44.6893667154138,0.05252999999999999,11.480000000000018,0.75,3005.203820042826,2578085.3386581084,381.75,611.38,781.4,393.17,948.18,1603.1,0.5073685025551025,0.7073434951060359,0.6274489853597874
3,4.0,69.5,4425.0,6475.0,3051.61,0.138484905,114.95042566340923,7302308.2204375,1.9675465267760004,3675.865372631579,27.021137913529408,1651.69117275,5.432418486,2.004317124231154,147.5128446924489,0.15277446923076926,0.65,36.338212086051286,0.068235,0.1,61.73302161884931,0.12943200000000002,0.25,0.0,12.10004480667466,826.2090226079316,45.694852400159185,0.05626409248792463,20.539999999999964,0.9,601.0407640085673,615769.5759840098,795.82,1262.8,1573.2,253.25,782.38,1502.9,0.2414042914200196,0.5311963538163457,0.44558315789473685
4,5.0,89.5,2125.0,1225.0,3060.449999999999,0.129623815,82.6672354430108,7346910.2695,1.926749369454,3790.3374070588234,27.761161782499997,1709.9129987777778,5.262329011444443,1.879574455114876,140.28126375243664,0.152104,0.25,37.605617478393576,0.08971469688419997,0.0,66.35074282055427,0.13097202307692307,0.65,0.1,8.701814257159032,666.7229911268089,44.6893667154138,0.06466,11.700000000000273,0.9,5939.696961966998,808106.7018361553,259.9,426.42,548.68,523.66,1187.0,1932.5,0.6683087447036602,0.799339647651411,0.727330540996908
5,6.0,109.5,2675.0,4525.0,3053.4599999999996,0.12047697500000001,79.54565658166798,7414363.551222222,1.9757685263055003,3838.0297760000003,27.117340402499995,1688.9773184375,5.325126153764706,1.8418104943106368,148.8982966218578,0.158912,0.25,36.338212086051286,0.08801,0.1,66.10975083225696,0.13055772222222223,0.45,0.2,8.37322700859663,592.8423854097234,44.6893667154138,0.065985,18.690000000000055,0.7,3217.335854398791,643476.478790651,365.12,548.91,668.02,156.75,466.3,860.95,0.3003621591584111,0.6274577370576074,0.5351462554456815
6,7.0,129.5,6725.0,8025.0,3058.400000000001,0.1347679,114.11337689536478,7296628.1591578955,2.2178372256245007,3364.7366595555554,24.976279590526318,1657.9996998666663,6.159486002812499,1.9697247094218784,153.2905656649265,0.148889,0.6,29.54117466403419,0.07159,0.15,70.83144518721497,0.13878400000000002,0.25,0.0,12.011934410038402,681.1440768568176,45.01399841872917,0.061663792640546555,13.75,0.85,2121.3203435596424,621521.6887619297,423.7,654.55,823.89,561.25,1340.6,2239.7,0.5698258794862683,0.7714808948723025,0.6897207841054914
7,8.0,149.5,3975.0,8675.0,3058.080000000001,0.127264345,95.54797088746908,7361304.8259999985,2.2215102389765,3647.4368083125,24.811070098749997,1668.8890791764704,6.187218961999999,1.9335391662985433,121.58074524415939,0.14409341666666667,0.6,46.19087739401282,0.07162822499999999,0.2,66.80674131085442,0.13241325,0.2,0.0,10.057681146049378,706.41772563633,46.201220895215194,0.0560139003009954,14.070000000000164,0.8,636.3961030678933,557478.0725586168,361.3,551.42,683.92,535.32,1285.6,2149.0,0.5970422252459235,0.7978307103360271,0.7121649327967194
8,9.0,169.5,5625.0,5475.0,3050.800000000001,0.13158793,106.86039485833942,7314985.6970000025,2.1325389939384998,3530.3976559999996,26.020722091764704,1708.1565745,6.330710407499999,1.9815185679172622,129.7211213586833,0.14932642857142858,0.7,38.441754547038464,0.06764984999999998,0.2,83.67258997853416,0.1352946,0.1,0.0,11.248462616667306,786.2395983282797,44.7421337224183,0.06640933900514112,21.34999999999991,0.7999999999999999,459.619407771259,510795.9354966792,688.58,1063.0,1314.4,243.26,761.42,1459.0,0.2610533997252747,0.5805193932196554,0.48335820895522386
9,10.0,189.5,3725.0,1575.0,3057.82,0.11053887999999998,68.23471107622899,7483436.526647057,1.860549172391,4043.160764444445,31.23661856375,1655.2771059411766,5.676331912499999,1.7955583584313402,124.8504946337945,0.1462825,0.2,38.16628260276577,0.0892009314517106,0.0,58.3495826738484,0.12113636363636364,0.55,0.25,7.18260116591884,552.8729243997706,44.6893667154138,0.05862952000000001,14.329999999999927,0.75,4560.838738653232,2578085.3386581084,229.35,388.35,518.27,222.51,528.21,880.8,0.4924312840260257,0.6578437701743061,0.5975488183897263
10,11.0,209.5,4275.0,5675.0,3050.4700000000007,0.13018490500000002,90.08308441371057,7290986.720055555,2.1014904964025,3501.9116400000003,25.883141454705875,1681.9601010499998,6.137786906157895,1.8956811214341769,128.382960862078,0.1467139111111111,0.45,28.43450963403419,0.07171,0.15,70.11393895167583,0.1335178625,0.4,0.0,9.482429938285321,591.9761408594767,45.55218907401819,0.07014681448608906,21.68000000000029,0.8500000000000001,1272.7922061357829,902111.677061306,512.8,791.55,978.14,189.4,589.27,1120.3,0.26972372543434925,0.5892399280893578,0.4938007853985033
11,12.0,229.5,1625.0,3775.0,3057.599999999999,0.12658640499999999,96.54474972045207,7321879.4734,1.9052049092645,3841.4180768421056,29.699365588823525,1643.1647640000003,5.313001936866668,1.9275333405388864,130.16305395197642,0.1489509090909091,0.55,38.03105061320118,0.0815633851836075,0.0,56.50292074607885,0.12195801666666667,0.3,0.15,10.1626052337318,702.8363534672135,53.36129215360919,0.05384,14.550000000000182,0.8500000000000001,4490.128060534576,2578085.3386581084,422.81,659.42,840.47,380.47,987.1,1714.1,0.4736455532317499,0.7194037284758787,0.6295389213478483
12,13.0,249.5,5175.0,8875.0,3058.7900000000004,0.13223481499999998,99.45624761468184,7332347.215833333,2.172798358631,3643.225192578947,25.873994093888893,1672.976136105263,5.930247435000001,1.9409722069955666,124.82570264865285,0.147304,0.65,35.27424684453847,0.076011875,0.2,75.09794349433193,0.1418989333333333,0.15,0.0,10.469078696282297,705.6733218798117,45.8020682316568,0.05883785893476112,13.360000000000127,0.8,1626.3455967290588,465161.7274222869,357.06,569.71,732.29,536.04,1243.1,2049.9,0.6002015451797111,0.7687858129192897,0.6935700622884886
13,14.0,269.5,3075.0,8225.0,3057.550000000001,0.12828081000000002,104.37218475683964,7287669.189352941,1.9152205174125,3906.539696222222,29.877255947647058,1699.0994743124998,5.300394223315789,1.944258114413738,160.23096923904743,0.1542823777777778,0.45,81.03736981,0.08904,0.05,61.465643147017836,0.1281864,0.35,0.15,10.986545763877858,695.8610095603742,44.6893667154138,0.06357666666666666,14.599999999999909,0.8,318.1980515339477,611243.9623123903,472.57,723.88,897.16,440.96,1148.4,2003.3,0.48269898087638063,0.737877444589309,0.6395169090859784
14,15.0,289.5,1925.0,5875.0,3055.809999999999,0.11065454500000002,55.48374139257093,7452204.691894737,1.808033564339,4355.7389586875,31.787065200666657,1633.4648058235293,5.2103850126842115,1.7315417815645364,103.90230144804575,0.1385501,0.05,36.338212086051286,0.09824,0.05,55.691080944738665,0.12256538666666668,0.75,0.15,5.840393830796939,498.60534163577336,44.6893667154138,0.04594,16.340000000000146,0.8,2793.0717856868628,2578085.3386581084,183.76,289.93,375.02,133.43,347.43,599.44,0.420662694284183,0.6683949152012992,0.5974649617510748
15,16.0,309.5,4775.0,9475.0,3059.739999999999,0.12386590500000001,90.09061001814749,7374852.555722222,2.274362341805,3392.1217955624998,25.883413151578946,1675.3984523888892,6.088720428588235,1.8942086280449206,134.33277446565052,0.1465501888888889,0.45,43.98977078884103,0.07603127999999999,0.25,62.14472937131497,0.12970166666666666,0.3,0.0,9.48322210717342,650.4544151870186,45.96784625625133,0.05376330822135256,12.41000000000031,0.75,1767.7669529663688,2578085.3386581084,275.73,460.3,608.09,708.08,1531.5,2435.5,0.7197324686677306,0.8168930247323881,0.7564235648603214
16,17.0,329.5,5725.0,6275.0,3052.0,0.13640667499999998,128.16795235910598,7303838.154176471,2.21091639555,3480.249517,25.114490868333327,1655.8540696315788,6.296927859105263,1.9843339800705686,192.61822591728708,0.1616645090909091,0.55,30.840886234538463,0.0729175,0.2,64.23900343076157,0.13163078,0.25,0.0,13.491363406221685,640.906663337345,44.93989402410164,0.0646782731646659,20.15000000000009,0.8,176.77669529663575,532552.7760049881,596.15,882.17,1062.1,211.7,651.45,1238.0,0.2620535990592313,0.605908207834438,0.5039710281123578
17,18.0,349.5,2625.0,2375.0,3057.309999999999,0.11189573,73.78243388799928,7454655.483294119,1.818085417126,4254.694441352942,31.627996746666668,1657.6046011578946,4.96235204817647,1.812989410955177,118.00432540457871,0.14373922857142857,0.35,38.51618546378587,0.09690388446210862,0.0,58.35408117155226,0.1240157142857143,0.35,0.3,7.76657198821045,535.1394341085896,40.1899719545115,0.060605,14.840000000000146,0.7,4772.970773009195,907967.6199635911,300.81,470.42,597.31,318.22,807.52,1392.3,0.514062323312279,0.7425900350578987,0.6486035074696112
18,19.0,369.5,3475.0,6925.0,3053.410000000001,0.12780201,93.81757992094404,7332742.137055554,1.9143139303500003,3872.111496894737,29.73768138625,1685.4338395555556,5.378539975947368,1.9169441491420152,140.76179529302692,0.1499378,0.45,37.792642173799344,0.0827279222567836,0.0,59.42841757942463,0.12648375,0.4,0.15,9.875534728520426,699.9276119540745,44.6893667154138,0.06491,18.740000000000236,0.8500000000000001,954.5941546018389,389308.2265106743,451.52,669.82,817.74,275.29,790.33,1439.1,0.3787647390652303,0.7023208879919273,0.594000484389957
19,20.0,389.5,1175.0,2175.0,3061.330000000001,0.118774495,79.6801140949691,7367750.45936842,1.9653480664549998,3916.1013492222223,29.284919215294117,1698.4527697647059,5.445688741550001,1.862619904700006,121.83749360113345,0.14588142857142855,0.35,38.28003158011928,0.09403410575690851,0.0,64.2295475981508,0.13179498750000002,0.4,0.25,8.38738043104938,640.3255242136345,45.38068918124828,0.059992000000000004,10.820000000000164,0.75,5939.696961967,2578085.3386581084,171.98,268.98,346.96,566.18,1285.6,2073.2,0.7670152812398395,0.8811886039048529,0.8132715351571332
20,21.0,409.5,7525.0,7125.0,3057.93,0.13478670000000004,100.36581663685772,7219480.202421053,2.1759891505,3442.112695555555,24.953241841176474,1699.5464154705885,6.0259726227499995,1.9454912498001247,125.87184634919646,0.1457626153846154,0.65,24.562176018025642,0.07013,0.1,64.37159563230983,0.132112,0.25,0.0,10.564822803879759,653.1171646753812,44.72229444382565,0.07213830406560084,14.220000000000255,0.9,2050.6096654409876,443654.4555854051,381.52,596.08,751.92,411.35,1010.4,1712.2,0.518811406661874,0.7362864271579749,0.6537277925706053
21,22.0,429.5,3425.0,5125.0,3051.309999999999,0.141882075,142.3992567599776,7180622.221449999,2.1508118185539997,3488.3075398333335,25.002563104444448,1665.8236611250004,5.821048259666667,2.0762391642628493,190.08829460685234,0.16224396153846155,0.65,43.60444767070086,0.07106666666666667,0.15,61.505990574592076,0.1288175,0.2,0.0,14.98939544841869,906.8600386921377,46.48031681577842,0.06240275597784928,20.840000000000146,0.8500000000000001,2262.7416997969517,602980.3052675579,872.1,1317.9,1611.3,240.62,830.75,1659.9,0.21624487741749945,0.5696620428021199,0.46286521040040773
22,23.0,449.5,7475.0,8625.0,3060.660000000001,0.131931035,97.63978056888668,7336265.943149999,2.0065670045340007,3702.4230908235295,28.68924726499999,1643.2404196250002,5.7089909648,1.9509265847425876,122.41772159484607,0.14790273333333334,0.6,36.221106956678135,0.07515492214697184,0.0,71.88931493175059,0.13924158,0.25,0.15,10.277871638830177,766.7506686749696,41.445459193609196,0.05586,11.490000000000236,0.85,3075.914498161481,2578085.3386581084,384.49,628.05,817.24,536.65,1280.8,2141.9,0.5825933082918991,0.7534094015449879,0.6736461897778502
23,24.0,469.5,4525.0,7625.0,3054.900000000001,0.12692981999999997,111.58689304898299,7332573.627578949,2.2382148404624997,3306.251974947368,23.926021758888886,1697.5770144444443,6.217059145666666,1.9549184943525955,169.20993647577845,0.15552737,0.5,36.338212086051286,0.07090024000000002,0.25,71.58948715832373,0.12576430000000002,0.25,0.0,11.745988741998213,687.8133108634584,45.802192348974835,0.05990148603519774,17.25,0.75,282.84271247462596,685168.5838934955,474.04,675.5,796.17,214.48,647.16,1207.3,0.3115087433916226,0.6823099000220773,0.5681197478991596
24,25.0,489.5,3025.0,1375.0,3058.7900000000004,0.118805055,66.77833883203454,7437311.324888889,1.8639061013420002,4097.355597352941,30.991384987058822,1675.5951767,5.377699879157895,1.7972223259981832,132.4110216645738,0.14829,0.1,37.879435357249555,0.0930612487589535,0.0,62.445108877686756,0.12698140666666669,0.75,0.15,7.029298824424687,565.7682305130654,44.6893667154138,0.05826666666666667,13.360000000000127,0.85,5197.234841721127,745812.1341472628,269.78,445.37,578.87,317.62,743.32,1227.6,0.5407218249914879,0.7079778476276006,0.6451270704835803
25,26.0,509.5,6625.0,5725.0,3052.64,0.13662822000000002,123.66907621205273,7280404.897049999,2.0873130267710005,3625.884404333333,27.9368534975,1669.922722222222,6.054053696357143,2.0360486469129784,145.00288968572053,0.15072278125000002,0.8,36.14421124070086,0.07109330000000001,0.15,44.90265554742329,0.10772,0.05,0.0,13.01779749600555,859.290634730417,44.47847328770193,0.06007975015416056,19.51000000000022,0.8500000000000001,424.2640687119359,1011650.1156017767,689.87,1069.4,1324.9,354.23,1003.7,1830.7,0.33926826932286186,0.6311661807580176,0.5382957738307377
26,27.0,529.5,2425.0,4775.0,3054.0,0.1084595,53.64372566060084,7463520.691499999,1.7814512378635001,4031.3818144705892,31.070485810000008,1689.3961070555551,4.9529449475,1.7224626735580386,108.32710466868139,0.14187508039643137,0.0,38.97242495662774,0.08959769301059373,0.0,56.628511975663194,0.12563533333333332,0.75,0.25,5.646707964273773,493.7063453920665,44.6893667154138,0.056932,18.15000000000009,0.75,3217.335854398791,784847.8214294589,212.56,333.64,424.22,118.76,325.97,580.97,0.3584450078473983,0.6311797496116239,0.5509731971920869
27,28.0,549.5,3875.0,6675.0,3052.339999999999,0.13802330000000002,112.008280480732,7251726.465631579,2.1163941222809997,3472.5329848947363,25.279138947,1672.6648972666667,5.672872456352941,1.9940876528626295,142.78428808645597,0.15113353846153846,0.65,28.551796928025645,0.06498499999999999,0.1,65.37325412693215,0.133152,0.25,0.0,11.790345313761263,771.794614030542,46.27623670182187,0.06286299757151592,19.809999999999945,0.9,848.5281374238591,560732.6870723395,635.28,978.11,1209.6,252.95,762.44,1440.7,0.2847798430586672,0.5977684437769851,0.498966790390661
28,29.0,569.5,1425.0,1825.0,3061.150000000001,0.11965885000000001,82.7976340134044,7357488.098421053,1.8930053002445,4220.6423755000005,29.679181417999995,1644.9918904736844,5.419443756157896,1.8643118813512527,133.20450096773016,0.14583428571428572,0.35,37.97040332755285,0.09675671433869448,0.0,58.94530733477357,0.12161570000000002,0.5,0.15,8.715540422463624,623.9868212519323,44.6893667154138,0.05206,11.0,0.85,6010.407640085656,1393717.6277669691,319.26,493.9,622.47,552.77,1300.6,2153.2,0.6338887423597812,0.8106821902067276,0.7279992990927145
29,30.0,589.5,5075.0,6875.0,3052.7900000000004,0.140909285,151.27858954900947,7177820.763944444,2.160183243024,3343.952955058823,24.072756586249994,1668.4956758947367,6.06915615768421,2.064161867620683,210.32823142207965,0.16718813076923075,0.65,36.338212086051286,0.0718225,0.2,48.650644716316044,0.11915000000000002,0.15,0.0,15.924062057790467,781.9449407398371,46.14299804047409,0.0659418392291492,19.360000000000127,0.8,141.42135623731994,737727.4317802613,659.9,984.57,1194.2,246.96,779.5,1498.5,0.2723242837924266,0.6212480022398245,0.51025707359606
30,31.0,609.5,3175.0,3825.0,3053.190000000001,0.12409462499999999,102.67608724488359,7363293.739764705,1.8821700392649998,3866.243640777777,29.894746066499998,1726.9835548125,5.331214830722223,1.8896734444974677,168.91355558870174,0.15636472222222222,0.45,37.39337366918682,0.08974438453127243,0.0,62.16059690354016,0.131232,0.25,0.3,10.808009183671958,437.8068863179701,37.08279334694253,0.06974166666666666,18.960000000000036,0.7,3358.7572106361013,598096.7888795349,646.15,974.72,1185.4,215.36,674.77,1293.6,0.2499796868289399,0.5830224117363384,0.48491661389064805
31,32.0,629.5,2125.0,7825.0,3058.0400000000004,0.11529602999999997,94.73902269922804,7407694.983222221,1.9922223108289998,3688.4538802500006,28.051898355882354,1702.8873772142856,6.023918080166667,1.8944132367029183,168.91743776096533,0.15751999999999997,0.35,36.338212086051286,0.08083,0.05,61.37057832156073,0.12525151428571427,0.35,0.25,9.9725287051819,625.3614645042492,49.285225864165525,0.049138,14.110000000000127,0.7,1272.7922061357856,2578085.3386581084,437.64,658.82,819.49,334.52,892.18,1563.0,0.43322627434728556,0.7160135586256483,0.6251793721973093
32,33.0,649.5,2975.0,5925.0,3052.620000000001,0.12805743000000003,92.50733165655558,7379184.97315,1.9176841662464998,3918.1128728823533,29.250590164375,1698.0627417058824,5.471058901888889,1.9316208320158992,129.91338708897186,0.14601757777777782,0.45,38.15970208055095,0.07893340465962395,0.0,63.956036438692195,0.13162523750000002,0.4,0.15,9.7376138585848,749.194374703474,56.42595260694253,0.06466283333333332,19.5300000000002,0.8500000000000001,2015.2543263816601,490409.5328034529,428.43,641.34,780.12,152.27,479.53,911.93,0.2622180127432409,0.6058463076438898,0.5071361051277681
33,34.0,669.5,4975.0,4175.0,3051.129999999999,0.11842901499999998,70.76049871949087,7434754.152157893,2.2383528190955007,3468.9282123333337,26.074754452666664,1676.433157588235,5.7417449878,1.8109967102271178,113.23148112919924,0.141988,0.25,36.338212086051286,0.06621126000000001,0.25,66.73615083135647,0.1327584,0.5,0.0,7.448473549420093,562.2589028794247,43.980333406883936,0.06283463026452063,21.019999999999982,0.75,1838.477631085023,779849.1340954693,246.25,386.18,492.86,82.22399999999999,247.25,465.38,0.25032118219402444,0.541146919555608,0.46088923644082
34,35.0,689.5,2225.0,2775.0,3057.309999999999,0.12403948499999999,100.69515299079777,7405884.716550002,1.962456007406,3888.6709116470593,30.591552275882357,1679.4520629444446,5.671303079105264,1.907268179798716,156.21855755708944,0.15286153000000002,0.5,38.09045248629712,0.08579733558756963,0.0,42.131367616318975,0.11119491428571429,0.35,0.15,10.599489788505029,633.7764923946445,52.26597031027586,0.057936666666666664,14.840000000000146,0.85,4772.970773009197,579693.3210429917,578.46,905.9,1122.1,561.23,1434.9,2468.8,0.4924409269187235,0.7273855017442199,0.6417720775118633
35,36.0,709.5,5875.0,7375.0,3055.199999999999,0.148112615,186.30178401983235,7180973.446947369,2.159686166033,3407.3989870499995,24.714017211764705,1674.8345428125,6.145608013277776,2.1664946909841847,236.1460613869812,0.17175282000000003,0.75,36.338212086051286,0.0721925,0.2,38.491911247723884,0.09719,0.05,0.0,19.610714107350773,943.273833274725,45.89559227406083,0.06034609309160166,16.950000000000273,0.8,1060.6601717798221,627114.8979118968,1058.4,1630.3,2013.2,864.57,2215.3,3862.4,0.44960139783771974,0.7025428709632119,0.6087111311401532
36,37.0,729.5,3625.0,8425.0,3057.61,0.1324134,96.2022609921071,7364011.637944445,2.21067250479,3322.7537753750003,25.292735940624997,1649.0553888888892,6.3343076408,1.8691103629556522,128.1164561003075,0.14719233333333334,0.6,16.589613083017095,0.06832666666666666,0.15,67.37578147788024,0.13539600000000002,0.25,0.0,10.126553788642855,306.16243014341705,46.19171242661468,0.0748835292020078,14.539999999999964,0.85,212.13203435596364,516239.94553547434,293.42,440.52,539.98,352.56,857.83,1448.8,0.5457754110034366,0.7745144626515628,0.6845827631525466
37,38.0,749.5,3975.0,2075.0,3056.43,0.113711,69.88755205014796,7478265.403,1.9192743062370003,4083.89826325,30.50511139666667,1687.6458848000002,5.0986349681875,1.7697126234266065,130.09803571135257,0.147598,0.25,37.75205218997451,0.08878376020442347,0.0,51.58646168398022,0.11783090909090908,0.55,0.2,7.356584426331364,436.5485686125434,44.95244598060345,0.060022500000000006,15.720000000000255,0.8,4030.5086527633225,2578085.3386581084,315.36,503.71,643.14,159.79,424.74,754.23,0.33629380195727665,0.584491506728436,0.5116445234049128
38,39.0,769.5,4625.0,4825.0,3050.370000000001,0.12739117,117.28697107027168,7294302.340450001,2.1489073468554993,3408.2459497777772,25.499712712666668,1696.7569596315789,6.148703207333335,1.9295612128390451,222.33115860390686,0.17137000000000002,0.4,36.33821208605128,0.07097368333333333,0.3,58.17681334297844,0.1251702166666667,0.3,0.0,12.345996954765436,616.9194346280801,45.1034561948343,0.06387112090848734,21.7800000000002,0.7,1626.3455967290593,703405.4868287127,980.56,1483.9,1801.8,255.67,855.01,1716.7,0.20681426595374647,0.5435303079769288,0.4390672732467418
39,40.0,789.5,1925.0,3375.0,3057.129999999999,0.128570625,97.23783831597504,7360022.603849998,1.9589339991214998,3717.5593151500007,27.371017884444445,1697.7358722352942,5.9946203764999995,1.920143712603808,143.69004957598602,0.1507776,0.5,37.83327726573322,0.0872812553511415,0.0,52.30969214110165,0.11761831250000002,0.4,0.1,10.235561927997372,674.6207059878426,44.6893667154138,0.061345,15.019999999999982,0.9,4560.838738653231,581011.8530162337,558.34,880.05,1098.1,557.05,1409.2,2426.1,0.49942172692959413,0.7259383572146594,0.6365931824803343
40,41.0,809.5,6225.0,8325.0,3058.300000000001,0.12777741999999997,104.84516529465574,7402700.9922222225,2.2708095389185,3378.704269052632,25.239175355,1686.9388746842105,6.32927128364706,1.9253082711829084,160.95929956852828,0.15515479999999998,0.5,36.338212086051286,0.07227808000000001,0.25,61.123849955515155,0.12852199999999997,0.25,0.0,11.036333188911133,651.9487619630731,44.73511911578487,0.05510932678425251,13.849999999999909,0.75,1979.8989873223336,1207910.6566551258,433.72,702.54,903.36,613.29,1420.6,2352.8,0.5857537177295346,0.7501974668488008,0.6721869744050889
41,42.0,829.5,3325.0,7375.0,3054.830000000001,0.1288845,95.02198560770987,7316053.318631578,1.9899454170084998,3839.6148903333337,26.86282778705882,1685.7097928333333,5.2610967401333335,1.9231547447064528,135.31139402890318,0.152522,0.5,37.53822750438385,0.07836528718817859,0.0,56.463305477762546,0.12267142857142857,0.35,0.15,10.002314274495776,709.5071296195657,50.6942111736092,0.06459,17.320000000000164,0.85,742.4621202458751,694989.5129449815,480.37,728.45,905.74,317.75,888.27,1599.1,0.3981230892597604,0.6969460053750305,0.5949672023443284
42,43.0,849.5,3775.0,9425.0,3059.7300000000014,0.14273766,157.4412360856881,7156038.626722222,2.106155147261,3646.401388058823,24.317711429444444,1652.820814,5.914099603999999,2.0943583111193367,206.96626520416564,0.16645880000000002,0.7,36.338212086051286,0.07158,0.2,52.97208025561869,0.119005,0.1,0.0,16.572761693230326,860.7178023620688,47.596817777071564,0.05881019920943087,12.420000000000073,0.7999999999999999,1025.3048327204936,625773.0966968369,596.68,944.82,1204.3,935.01,2161.6,3568.0,0.6104433664775509,0.778920830872594,0.6990949194660707
43,44.0,869.5,5325.0,5975.0,3050.9599999999996,0.14253427000000002,130.02957266010245,7226979.132666667,2.066175236603,3711.8957115000003,26.570556636,1727.1965842777781,6.055797586294117,2.037641079399153,154.99258587804198,0.15476502666666667,0.75,45.661315865,0.071045,0.1,61.46001110047316,0.12904000000000002,0.15,0.0,13.68732343790552,730.9487627808082,45.41129377045184,0.07710655699882252,21.190000000000055,0.9,318.19805153393276,582248.1084844219,839.38,1330.9,1666.8,271.82,846.32,1618.4,0.24461843052555793,0.538920470535262,0.4546533713200379
44,45.0,889.5,3475.0,3125.0,3054.2300000000014,0.12500841000000001,72.87515901509835,7373402.310157893,1.968645826232,3987.513351352941,28.24494500944444,1662.523746333333,5.178828933894736,1.8138715378925223,115.12622383655041,0.1426425666666667,0.3,37.13422524967104,0.09065321296135864,0.0,60.33428047834882,0.13031025454545456,0.55,0.15,7.671069370010352,527.4544456655915,34.356250673609196,0.07030000000000002,17.920000000000073,0.8500000000000001,3641.5999231107185,535872.144249336,318.66,494.5,618.01,195.85,537.06,962.24,0.38065343725097667,0.6599168358959481,0.5677182123723004
45,46.0,909.5,2375.0,8825.0,3059.839999999999,0.11977540999999998,72.69563861831539,7395368.775450001,1.9196963967094998,3990.183140666666,28.31440716222222,1704.3277170000001,5.622408838578946,1.809646439826912,123.96764193160777,0.14722875999999996,0.25,38.9207273360256,0.09241190831475077,0.0,59.08775780440458,0.12329479166666668,0.6,0.15,7.652172486138461,545.0883649120882,41.67382301847126,0.059942300000000004,12.309999999999945,0.85,388.908729652601,2578085.3386581084,226.19,361.43,470.12,285.85,690.27,1153.9,0.5582571674087963,0.749397768965645,0.6753051580476562
46,47.0,929.5,2575.0,6925.0,3055.169999999999,0.12813073,110.19170343930193,7320393.660277778,2.1036789092650006,3382.192468125,26.872342254444444,1710.651599294118,6.1172771645,1.959748677559984,175.0115657111481,0.1603211111111111,0.45,40.84347110302564,0.08555,0.1,68.82915583890222,0.1333124333333333,0.3,0.15,11.599126677821259,722.5210538554421,44.6893667154138,0.04958333333333333,16.980000000000018,0.75,1590.990257669732,644115.1720130648,568.88,910.81,1136.3,359.61,998.41,1787.4,0.38730627147303687,0.6513515442578488,0.5648498567537933
47,48.0,949.5,6275.0,6725.0,3054.0199999999986,0.13773192999999997,134.12065159069175,7223037.7880526325,2.205094749783,3226.7169169473686,24.346799257999997,1684.528577529412,5.7644667516111125,2.0348173082224994,182.0347575740652,0.16216143076923076,0.65,37.239958459538464,0.0698475,0.2,55.66711650427783,0.12238333333333333,0.15,0.0,14.117963325335973,796.9765460325536,45.25443624763847,0.06462130201155869,18.13000000000011,0.8,883.8834764831861,496429.30934152217,804.97,1219.9,1500.0,412.34,1195.7,2209.9,0.3387304794998809,0.6537315674836642,0.5481376781678364
48,49.0,969.5,2175.0,5575.0,3054.7699999999986,0.10403696500000001,60.522848863898275,7498752.1438947385,1.9016667677049999,3971.369476133333,30.468000639444444,1629.142399,5.250129177375001,1.747373017952507,141.54812695562993,0.145205,0.1,40.73226123302564,0.08998,0.1,54.767728894152214,0.11735494166666666,0.6,0.2,6.370826196199818,503.23316738450916,47.1708635427069,0.050527499999999996,17.38000000000011,0.7,2828.4271247461907,724125.0267280478,159.48,244.12,307.12,102.11,273.97,481.1,0.3903436675713904,0.670019493177388,0.5890256023580218
49,50.0,989.5,4375.0,3625.0,3052.260000000001,0.11840067000000001,92.4305343168721,7334721.32,2.2622986882169998,3273.546233611112,24.102006131578946,1658.7910138125,6.478107119058824,1.8720852816821938,156.55276775928874,0.15392,0.4,36.33821208605128,0.0652157142857143,0.35,68.36421193215465,0.13602868,0.25,0.0,9.729529928091802,586.3835747174553,44.66784493685998,0.06564965685324875,19.889999999999873,0.65,2651.650429449552,997088.0033475278,537.08,856.42,1095.3,210.69,609.57,1110.6,0.28175775973895717,0.5553730054857844,0.48621963260480044
50,51.0,1009.5,1775.0,975.0,3061.550000000001,0.12319480499999998,68.64253325234054,7346226.596473685,1.8498590899454999,4180.223881999999,30.655760176111116,1648.5440766875001,5.4532367486315785,1.8069291050111147,116.44110493452172,0.14251999999999998,0.2,37.27269723369741,0.096269383197358,0.0,59.462934243267846,0.12623928461538458,0.65,0.15,7.225529816035843,574.5043742958217,44.6893667154138,0.08423513333333336,10.599999999999909,0.8500000000000001,6363.961030678928,2578085.3386581084,172.34,278.89,365.32,486.24,1076.6,1717.5,0.7383157702936621,0.8471108177526511,0.7898320957923605
51,52.0,1029.5,5125.0,9225.0,3059.4599999999996,0.13927894999999998,118.40791167433395,7203923.06668421,2.0810545462179997,3320.4026361874994,26.97466851294118,1713.9144702105266,5.565804118894737,2.018091816390616,136.74721388304835,0.1511043125,0.8,36.338212086051286,0.07623,0.15,71.18817509975166,0.13922,0.05,0.0,12.463990702561466,834.7807529601884,46.633191665632125,0.06430678340613527,12.690000000000055,0.8500000000000001,1838.4776310850236,2578085.3386581084,368.9,615.68,805.49,572.91,1298.8,2127.7,0.6083074080759389,0.7462859962782855,0.6748196489662354
52,53.0,1049.5,7875.0,6125.0,3056.379999999999,0.121593025,76.92905833952899,7344230.99368421,2.1838667270155,3565.6157887500003,27.500505332666666,1679.6728095000003,6.391427935388888,1.8249327447515724,118.47692555954906,0.1415215142857143,0.35,30.514617537038465,0.0649125,0.2,65.24269085839802,0.13128443333333334,0.45,0.0,8.097795614687262,523.9071482378868,43.50706205823283,0.06928080767662714,15.769999999999982,0.8,1590.9902576697325,1739919.0540929055,343.67,540.34,679.5,242.05,621.54,1086.8,0.41325206583350405,0.6586538461538461,0.5733083558684452
53,54.0,1069.5,3725.0,4375.0,3051.4700000000007,0.15172099999999997,176.94398582314415,7070183.569736843,1.9656718990070001,3561.9825366470586,26.95218532882353,1688.4968749999996,5.542755180058824,2.1517282909366613,211.04434234903903,0.16563125,0.8,29.704529058025642,0.07523,0.1,51.38059038110369,0.11693,0.1,0.0,18.625682718225704,966.8242369003874,46.661383835102406,0.07243023486050659,20.68000000000029,0.9,2580.939751330899,510798.9052496795,1110.8,1719.1,2124.8,349.02,1166.6,2315.6,0.23908427066350646,0.5733862597132998,0.46524782336539006
54,55.0,1089.5,7175.0,7625.0,3058.309999999999,0.13372499999999998,104.32348214264739,7285180.14336842,2.072453143895,3709.7042520526325,26.49355024157895,1690.99051545,5.952410144200002,1.8885297912935122,146.91193565664346,0.15433166666666667,0.6,25.105643630700857,0.06748,0.15,49.64189681622472,0.12401599999999999,0.25,0.0,10.981419172910252,296.3860935371878,44.51341286827425,0.08510848357681577,13.840000000000146,0.85,2156.675682618969,500417.5672818031,449.5,679.85,835.5,470.55,1184.4,2037.2,0.5114395956741482,0.7560368565981783,0.6590499930757514
55,56.0,1109.5,4925.0,8525.0,3057.919999999999,0.11519455000000003,81.9683243018798,7417490.079578945,2.3069364310035003,3370.7577880555555,25.897759685000004,1672.6239531666665,6.3898789517058825,1.8442682639673684,130.0892977102044,0.14767051250000002,0.4,38.465110249044876,0.07391624999999999,0.4,72.73280559090055,0.13279922500000002,0.2,0.0,8.62824466335577,569.5692812459622,45.323541795090975,0.05747045102601611,14.230000000000018,0.6000000000000001,1202.0815280171314,522614.24433173676,273.24,415.51,509.18,339.87,824.72,1377.9,0.5543377208005089,0.7731375175405026,0.6971744913365446
56,57.0,1129.5,5775.0,5125.0,3050.879999999999,0.13569392000000002,111.71856268744348,7303276.943999999,2.157329644933,3540.479736941176,25.561237304500004,1696.6020101875,6.070271702647058,1.999972122825001,133.40098810829986,0.14945183333333334,0.75,36.338212086051286,0.0708303,0.15,62.170897933108776,0.129805,0.1,0.0,11.759848703941419,817.7297590091459,44.571362927099706,0.06451404798147253,21.269999999999982,0.85,601.0407640085673,570703.4789633665,713.41,1092.2,1345.3,222.96,722.98,1414.5,0.23811100312910496,0.568973953414276,0.46717306201007186
57,58.0,1149.5,6025.0,6975.0,3054.2200000000007,0.15307527,176.83573075652478,7041786.056722222,1.9609574189360004,3729.5077474210525,26.193043351764707,1636.5927709473685,5.072017555357143,2.173126703137837,210.40899030514564,0.1680759625,0.8,36.338212086051286,0.072825,0.1,48.747173038031264,0.11332,0.1,0.0,18.61428744805524,1074.822134301261,46.39748708151454,0.06284965450996804,17.93000000000029,0.9,883.8834764831854,372327.5294435343,759.83,1123.7,1372.2,564.54,1575.4,2810.7,0.42627060413630635,0.7353152982767526,0.6321154098688697
58,59.0,1169.5,2925.0,3325.0,3054.629999999999,0.12888734,108.01883247888743,7295920.258888889,1.9301478643780001,3788.154919235294,27.10363461411765,1691.73231875,5.255358406117647,1.9641558317396186,153.42556767466837,0.153109,0.5,36.59295892640849,0.08519667842170398,0.0,70.29326752640337,0.12089668571428572,0.35,0.15,11.370403418830255,733.9849357320542,44.6893667154138,0.06679333333333333,17.519999999999982,0.85,3889.087296526011,584231.5565886835,498.26,763.73,942.01,259.93,754.05,1378.1,0.3428296337329693,0.6505088271304256,0.5554906016728123
59,60.0,1189.5,3125.0,6325.0,3052.800000000001,0.11466422000000001,84.71748204583743,7452412.99468421,2.0030226899179997,3761.9406788124998,28.37423374882353,1674.668868588235,5.655573954105262,1.8768761911061476,125.63062280643679,0.14606002857142858,0.35,36.338212086051286,0.09021,0.05,79.95327087056913,0.12514774285714284,0.35,0.25,8.917629689035516,638.416142416704,43.78483461833103,0.060924,19.34999999999991,0.7,1626.3455967290608,507613.1493559864,448.42,667.44,812.2,207.79,639.24,1195.5,0.31665168162630863,0.6632896213507157,0.556508616241874
60,61.0,1209.5,3925.0,4625.0,3050.940000000001,0.15779425500000005,199.97187611570644,7083301.0669,2.013476964428,3444.4421887647054,25.83498893578948,1640.0007451333333,6.09414390217647,2.1747792793044973,220.04915033061542,0.16813441111111113,0.9,19.276408181525643,0.06473284999999998,0.1,55.89236528714369,0.118247299544792,0.0,0.0,21.04967117007436,331.53992084641555,46.40028673087894,0.1096137015861901,21.210000000000036,0.9,2262.74169979695,454602.79476345686,1289.8,2015.5,2514.5,490.87,1572.1,3052.6,0.27566590103725,0.5983795719812057,0.49008702746804467
61,62.0,1229.5,1375.0,2775.0,3059.75,0.14407379499999998,117.85380705960185,7172949.494444443,1.882633370378,3945.7082657647065,27.642893029411763,1670.5334996666663,5.036905743444445,2.0191872868374023,147.92916074024149,0.1547106153846154,0.65,36.12494619925858,0.09223073733628895,0.0,64.88461414224727,0.1369879833333333,0.3,0.05,12.405663901010723,877.5051892294048,44.6893667154138,0.04831,12.400000000000091,0.95,5374.011537017761,2578085.3386581084,558.84,899.77,1146.0,854.72,1989.9,3318.9,0.6046577435694276,0.7690348280277215,0.6797769966405779
62,63.0,1249.5,5525.0,8125.0,3057.0299999999993,0.13320556,117.0490191364286,7296992.731473684,2.2573533935364996,3397.0718794117647,24.79831731375,1662.4893759411766,6.188641638562499,1.9516391070494055,186.0653887806747,0.16157930999999998,0.5,36.338212086051286,0.0718125,0.2,55.82894109627003,0.12684468333333335,0.3,0.0,12.320949382781961,649.7904756839866,45.555100720308694,0.05972609736775847,15.11999999999989,0.8,1343.5028842544407,674886.8323096349,695.63,1044.2,1287.0,584.62,1507.9,2618.4,0.45664518648701424,0.7259346621063805,0.6327866380639723
63,64.0,1269.5,2775.0,8825.0,3059.330000000001,0.13507865000000002,103.70100843458977,7363314.19235,1.9551296373575002,3710.3784808888886,28.51023996789473,1676.6774729999997,5.203003399736842,1.9574704861037617,145.65312848111586,0.15238800000000002,0.5,38.251740375305836,0.08164024454361485,0.0,64.02878898315285,0.132161625,0.4,0.1,10.915895624693658,730.0138884824767,52.629286007706895,0.060200000000000004,12.820000000000164,0.9,106.06601717798173,697979.7174759735,373.5,576.88,723.75,456.87,1110.7,1861.1,0.5502005130243145,0.7627419185497136,0.6855144792300113
64,65.0,1289.5,2225.0,6525.0,3055.4700000000007,0.11625588500000002,75.95191777122197,7426444.835947369,1.8595429809744999,4063.577765125,29.826425372500005,1684.9114980555555,5.472775262473684,1.823380645168876,125.3558123953463,0.14756142857142857,0.35,38.67448154163831,0.09193005108409724,0.0,51.60286468735421,0.12174085555555557,0.45,0.2,7.994938712760209,563.6906507220423,44.2804716177069,0.04912999999999999,16.68000000000029,0.8,2121.3203435596424,1219717.844572279,311.98,476.11,597.24,194.28,536.31,956.41,0.38375538260972625,0.6757349454717876,0.5854372421820173
65,66.0,1309.5,2975.0,5375.0,3052.300000000001,0.12161693500000001,95.35501752038589,7374019.310444444,1.916679521795,4035.406639473684,27.99459325833333,1657.6085209444448,5.5104646245555555,1.9278959844792045,133.20160776490272,0.14862339000000002,0.5,37.66487926794235,0.08730226990901535,0.0,70.32748783632421,0.12731295999999998,0.25,0.25,10.037370265303776,714.9391610213826,44.6893667154138,0.061908000000000005,19.84999999999991,0.75,2404.163056034261,436458.10671627126,403.71,585.48,702.16,112.3,388.82,764.22,0.21763144125113854,0.6033734098496585,0.4962937703034979
66,67.0,1329.5,4375.0,7925.0,3055.879999999999,0.12039344,89.29808996764811,7356628.727055556,2.2062342940089996,3631.422696722222,26.103631970555554,1649.7845937777777,6.3304602715,1.8142484203621585,142.33502865209778,0.14835853333333335,0.45,27.882410687358973,0.0700344166666667,0.3,67.53041547198573,0.13048710000000002,0.25,0.0,9.39979894396296,271.43985222267094,45.616462981577946,0.07730116548846289,16.269999999999982,0.7,388.9087296526002,528762.1122337454,399.31,587.69,704.82,270.54,727.85,1290.8,0.40388146599985075,0.7082500890520218,0.6086672966605886
67,68.0,1349.5,5225.0,4425.0,3050.86,0.1152036,75.35882731301024,7372311.8209999995,2.28148433505,3336.996260176471,25.328456806874996,1714.6865418750003,6.420653283000001,1.825936855496881,116.78869394344115,0.1432442857142857,0.35,43.51247567004273,0.06559485,0.3,61.22583351940862,0.1296847,0.35,0.0,7.932508138211604,564.8448569080374,44.22852331565793,0.0702200499766259,21.289999999999964,0.7,1484.9242404917532,504000.9916445464,332.98,511.25,636.83,127.16,384.31,723.27,0.2763506758812535,0.5905792108768545,0.4971676043539624
68,69.0,1369.5,3375.0,775.0,3059.64,0.12280482000000001,101.64024176675933,7418334.644421052,1.9127979302295,3996.5510937999998,29.141044906666664,1677.6687216250002,5.317462470555555,1.9225949383131056,188.3852617359516,0.16168428571428572,0.35,36.97719961328786,0.09029115890827821,0.0,56.699500738587126,0.1229473777777778,0.45,0.2,10.698972817553614,676.0826825083952,50.95312413406035,0.054445,12.510000000000218,0.8,5374.011537017762,2578085.3386581084,592.6,991.62,1320.1,597.02,1407.5,2342.7,0.5018577360837915,0.6700950806118231,0.6074560417322482
69,70.0,1389.5,3575.0,9775.0,3060.300000000001,0.134265245,157.4260622945827,7273654.036631578,2.277487638158,3308.5782487894744,25.009714364210527,1682.5416629444444,6.593852089875,2.0545480967569145,222.33559090865387,0.16627281538461539,0.65,35.89536613403419,0.06988971666666667,0.3,42.78636727494808,0.10442,0.05,0.0,16.571164452061335,736.5159064936677,47.15662307041969,0.05692672601137727,11.849999999999909,0.7000000000000001,1131.3708498984759,2578085.3386581084,490.91,787.53,1022.1,1001.3,2282.4,3725.6,0.6710181542812338,0.8119945237431231,0.7363405409755034
70,71.0,1409.5,6975.0,6525.0,3055.0400000000004,0.13513332,105.34494453922704,7220738.039368423,2.0839198254420004,3649.3633307368423,27.55318150722222,1655.0080201578949,5.247501087230769,1.9718220665373167,137.47628718723013,0.150875275,0.6,36.338212086051286,0.06802596666666667,0.15,69.63376165592514,0.13761704000000002,0.25,0.0,11.088941530444956,767.839334961892,44.75486674512112,0.06642777106620357,17.110000000000127,0.85,1237.4368670764575,678115.8653438092,514.78,797.9,998.59,312.04,828.88,1477.7,0.3773977407416367,0.6460823041152057,0.5545850591239778
71,72.0,1429.5,3825.0,2625.0,3055.11,0.11154315,62.59573967908077,7461042.317947367,1.9549697004274997,3899.275258866667,29.041203394705878,1687.1996861250002,5.76214020361111,1.752277092773245,104.54892463180184,0.13931277999999997,0.25,36.338212086051286,0.09626,0.05,55.43668435387777,0.1238110111111111,0.45,0.25,6.589025229376923,475.0049886520188,38.78035983033104,0.064748,17.039999999999964,0.7,3747.665940288701,786191.7979882136,323.71,513.79,647.54,152.89,414.71,745.22,0.32079311791859,0.5793759681345431,0.5029293686010103
72,73.0,1449.5,7975.0,7525.0,3059.89,0.1297525,98.85168193171015,7330928.258105262,1.9895559335894997,3758.822664235294,28.090120630526318,1633.8121558333335,5.1316238195,1.936978442159197,149.882423131305,0.15375555555555553,0.45,35.186685263556605,0.07409587746156943,0.0,61.752966288277065,0.131445,0.4,0.15,10.405440203337912,720.5721464052855,44.6893667154138,0.05323,12.260000000000218,0.8500000000000001,2651.650429449554,2578085.3386581084,347.15,573.85,749.4,388.93,941.69,1591.4,0.52838006738398,0.7091576219433967,0.6307093711847194
